wp,type,syst,flav,etaMin,etaMax,ptMin,ptMax,discrMin,discrMax,formula
L,kinfit,central,5,0,2.4,30,50,0,1,"1.1526073217391968"
L,kinfit,central,5,0,2.4,50,70,0,1,"1.0447014570236206"
L,kinfit,central,5,0,2.4,70,100,0,1,"1.017293930053711"
L,kinfit,central,5,0,2.4,100,140,0,1,"0.9877392649650574"
L,kinfit,central,5,0,2.4,140,200,0,1,"0.9891383647918701"
L,kinfit,central,5,0,2.4,200,300,0,1,"0.9745175838470459"
L,kinfit,central,5,0,2.4,300,600,0,1,"1.0941596031188965"
L,kinfit,down,5,0,2.4,30,50,0,1,"1.1442129213609045"
L,kinfit,down,5,0,2.4,50,70,0,1,"1.0381509653109209"
L,kinfit,down,5,0,2.4,70,100,0,1,"1.009825467253653"
L,kinfit,down,5,0,2.4,100,140,0,1,"0.9834968958029318"
L,kinfit,down,5,0,2.4,140,200,0,1,"0.9848557403250269"
L,kinfit,down,5,0,2.4,200,300,0,1,"0.9573524027769268"
L,kinfit,down,5,0,2.4,300,600,0,1,"1.0175529443858315"
L,kinfit,down_hdamp,5,0,2.4,30,50,0,1,"1.1526022438681451"
L,kinfit,down_hdamp,5,0,2.4,50,70,0,1,"1.0446922309047295"
L,kinfit,down_hdamp,5,0,2.4,70,100,0,1,"1.0172918415251928"
L,kinfit,down_hdamp,5,0,2.4,100,140,0,1,"0.9877377806640197"
L,kinfit,down_hdamp,5,0,2.4,140,200,0,1,"0.989134416582174"
L,kinfit,down_hdamp,5,0,2.4,200,300,0,1,"0.974451980557375"
L,kinfit,down_hdamp,5,0,2.4,300,600,0,1,"1.0934395421672285"
L,kinfit,down_jer,5,0,2.4,30,50,0,1,"1.1526044778137496"
L,kinfit,down_jer,5,0,2.4,50,70,0,1,"1.0446937351377663"
L,kinfit,down_jer,5,0,2.4,70,100,0,1,"1.0172866784604615"
L,kinfit,down_jer,5,0,2.4,100,140,0,1,"0.9877385168217065"
L,kinfit,down_jer,5,0,2.4,140,200,0,1,"0.9891375144982737"
L,kinfit,down_jer,5,0,2.4,200,300,0,1,"0.9744797817829749"
L,kinfit,down_jer,5,0,2.4,300,600,0,1,"1.093096976185219"
L,kinfit,down_jes,5,0,2.4,30,50,0,1,"1.1525883939959805"
L,kinfit,down_jes,5,0,2.4,50,70,0,1,"1.044693734143948"
L,kinfit,down_jes,5,0,2.4,70,100,0,1,"1.0172861311238215"
L,kinfit,down_jes,5,0,2.4,100,140,0,1,"0.9877376397884632"
L,kinfit,down_jes,5,0,2.4,140,200,0,1,"0.9891372822996223"
L,kinfit,down_jes,5,0,2.4,200,300,0,1,"0.9744751584726004"
L,kinfit,down_jes,5,0,2.4,300,600,0,1,"1.093061817295304"
L,kinfit,down_mass,5,0,2.4,30,50,0,1,"1.1525992131850984"
L,kinfit,down_mass,5,0,2.4,50,70,0,1,"1.0446971114129013"
L,kinfit,down_mass,5,0,2.4,70,100,0,1,"1.0172830894910554"
L,kinfit,down_mass,5,0,2.4,100,140,0,1,"0.9877389827319085"
L,kinfit,down_mass,5,0,2.4,140,200,0,1,"0.9891337561253941"
L,kinfit,down_mass,5,0,2.4,200,300,0,1,"0.9744561513026468"
L,kinfit,down_mass,5,0,2.4,300,600,0,1,"1.0925392236552192"
L,kinfit,down_pileup,5,0,2.4,30,50,0,1,"1.152607204359299"
L,kinfit,down_pileup,5,0,2.4,50,70,0,1,"1.0447013921866528"
L,kinfit,down_pileup,5,0,2.4,70,100,0,1,"1.0172926983122466"
L,kinfit,down_pileup,5,0,2.4,100,140,0,1,"0.9877392366121818"
L,kinfit,down_pileup,5,0,2.4,140,200,0,1,"0.9891383355285228"
L,kinfit,down_pileup,5,0,2.4,200,300,0,1,"0.9745175282754097"
L,kinfit,down_pileup,5,0,2.4,300,600,0,1,"1.0940873453529179"
L,kinfit,down_statistic,5,0,2.4,30,50,0,1,"1.1483115162700415"
L,kinfit,down_statistic,5,0,2.4,50,70,0,1,"1.0425859389360994"
L,kinfit,down_statistic,5,0,2.4,70,100,0,1,"1.0125078074634075"
L,kinfit,down_statistic,5,0,2.4,100,140,0,1,"0.9842315139248967"
L,kinfit,down_statistic,5,0,2.4,140,200,0,1,"0.9868023367598653"
L,kinfit,down_statistic,5,0,2.4,200,300,0,1,"0.9678979348391294"
L,kinfit,down_statistic,5,0,2.4,300,600,0,1,"1.0778190921992064"
L,kinfit,down_tune,5,0,2.4,30,50,0,1,"1.1525903851998258"
L,kinfit,down_tune,5,0,2.4,50,70,0,1,"1.0446921048308262"
L,kinfit,down_tune,5,0,2.4,70,100,0,1,"1.0172902704423414"
L,kinfit,down_tune,5,0,2.4,100,140,0,1,"0.9877377397933165"
L,kinfit,down_tune,5,0,2.4,140,200,0,1,"0.9891359998718761"
L,kinfit,down_tune,5,0,2.4,200,300,0,1,"0.9744740790030866"
L,kinfit,down_tune,5,0,2.4,300,600,0,1,"1.0931311461923627"
L,kinfit,up,5,0,2.4,30,50,0,1,"1.161001722117489"
L,kinfit,up,5,0,2.4,50,70,0,1,"1.0512519487363203"
L,kinfit,up,5,0,2.4,70,100,0,1,"1.0247623928537688"
L,kinfit,up,5,0,2.4,100,140,0,1,"0.991981634127183"
L,kinfit,up,5,0,2.4,140,200,0,1,"0.9934209892587134"
L,kinfit,up,5,0,2.4,200,300,0,1,"0.991682764917165"
L,kinfit,up,5,0,2.4,300,600,0,1,"1.1707662618519614"
L,kinfit,up_hdamp,5,0,2.4,30,50,0,1,"1.1526123996102484"
L,kinfit,up_hdamp,5,0,2.4,50,70,0,1,"1.0447106831425117"
L,kinfit,up_hdamp,5,0,2.4,70,100,0,1,"1.017296018582229"
L,kinfit,up_hdamp,5,0,2.4,100,140,0,1,"0.987740749266095"
L,kinfit,up_hdamp,5,0,2.4,140,200,0,1,"0.9891423130015662"
L,kinfit,up_hdamp,5,0,2.4,200,300,0,1,"0.9745831871367168"
L,kinfit,up_hdamp,5,0,2.4,300,600,0,1,"1.0948796640705645"
L,kinfit,up_jer,5,0,2.4,30,50,0,1,"1.152610165664644"
L,kinfit,up_jer,5,0,2.4,50,70,0,1,"1.044709178909475"
L,kinfit,up_jer,5,0,2.4,70,100,0,1,"1.0173011816469604"
L,kinfit,up_jer,5,0,2.4,100,140,0,1,"0.9877400131084082"
L,kinfit,up_jer,5,0,2.4,140,200,0,1,"0.9891392150854665"
L,kinfit,up_jer,5,0,2.4,200,300,0,1,"0.9745553859111169"
L,kinfit,up_jer,5,0,2.4,300,600,0,1,"1.095222230052574"
L,kinfit,up_jes,5,0,2.4,30,50,0,1,"1.152626249482413"
L,kinfit,up_jes,5,0,2.4,50,70,0,1,"1.0447091799032933"
L,kinfit,up_jes,5,0,2.4,70,100,0,1,"1.0173017289836004"
L,kinfit,up_jes,5,0,2.4,100,140,0,1,"0.9877408901416516"
L,kinfit,up_jes,5,0,2.4,140,200,0,1,"0.989139447284118"
L,kinfit,up_jes,5,0,2.4,200,300,0,1,"0.9745600092214914"
L,kinfit,up_jes,5,0,2.4,300,600,0,1,"1.095257388942489"
L,kinfit,up_mass,5,0,2.4,30,50,0,1,"1.1526154302932952"
L,kinfit,up_mass,5,0,2.4,50,70,0,1,"1.0447058026343399"
L,kinfit,up_mass,5,0,2.4,70,100,0,1,"1.0173047706163665"
L,kinfit,up_mass,5,0,2.4,100,140,0,1,"0.9877395471982062"
L,kinfit,up_mass,5,0,2.4,140,200,0,1,"0.9891429734583461"
L,kinfit,up_mass,5,0,2.4,200,300,0,1,"0.974579016391445"
L,kinfit,up_mass,5,0,2.4,300,600,0,1,"1.0957799825825738"
L,kinfit,up_pileup,5,0,2.4,30,50,0,1,"1.1526074391190946"
L,kinfit,up_pileup,5,0,2.4,50,70,0,1,"1.0447015218605884"
L,kinfit,up_pileup,5,0,2.4,70,100,0,1,"1.0172951617951753"
L,kinfit,up_pileup,5,0,2.4,100,140,0,1,"0.987739293317933"
L,kinfit,up_pileup,5,0,2.4,140,200,0,1,"0.9891383940552174"
L,kinfit,up_pileup,5,0,2.4,200,300,0,1,"0.9745176394186821"
L,kinfit,up_pileup,5,0,2.4,300,600,0,1,"1.0942318608848751"
L,kinfit,up_statistic,5,0,2.4,30,50,0,1,"1.156903127208352"
L,kinfit,up_statistic,5,0,2.4,50,70,0,1,"1.0468169751111418"
L,kinfit,up_statistic,5,0,2.4,70,100,0,1,"1.0220800526440144"
L,kinfit,up_statistic,5,0,2.4,100,140,0,1,"0.991247016005218"
L,kinfit,up_statistic,5,0,2.4,140,200,0,1,"0.991474392823875"
L,kinfit,up_statistic,5,0,2.4,200,300,0,1,"0.9811372328549623"
L,kinfit,up_statistic,5,0,2.4,300,600,0,1,"1.1105001140385866"
L,kinfit,up_tune,5,0,2.4,30,50,0,1,"1.1526242582785677"
L,kinfit,up_tune,5,0,2.4,50,70,0,1,"1.044710809216415"
L,kinfit,up_tune,5,0,2.4,70,100,0,1,"1.0172975896650804"
L,kinfit,up_tune,5,0,2.4,100,140,0,1,"0.9877407901367983"
L,kinfit,up_tune,5,0,2.4,140,200,0,1,"0.9891407297118642"
L,kinfit,up_tune,5,0,2.4,200,300,0,1,"0.9745610886910052"
L,kinfit,up_tune,5,0,2.4,300,600,0,1,"1.0951880600454302"
M,kinfit,central,5,0,2.4,30,50,0,1,"0.9942508339881897"
M,kinfit,central,5,0,2.4,50,70,0,1,"0.9741915464401245"
M,kinfit,central,5,0,2.4,70,100,0,1,"0.9697214365005493"
M,kinfit,central,5,0,2.4,100,140,0,1,"0.9495065808296204"
M,kinfit,central,5,0,2.4,140,200,0,1,"0.9474628567695618"
M,kinfit,central,5,0,2.4,200,300,0,1,"0.9352052807807922"
M,kinfit,central,5,0,2.4,300,600,0,1,"0.9795529842376709"
M,kinfit,down,5,0,2.4,30,50,0,1,"0.9853538155503713"
M,kinfit,down,5,0,2.4,50,70,0,1,"0.9675010456811466"
M,kinfit,down,5,0,2.4,70,100,0,1,"0.9641434919183187"
M,kinfit,down,5,0,2.4,100,140,0,1,"0.942669589778654"
M,kinfit,down,5,0,2.4,140,200,0,1,"0.9400198537539771"
M,kinfit,down,5,0,2.4,200,300,0,1,"0.926784844467349"
M,kinfit,down,5,0,2.4,300,600,0,1,"0.9396443346343588"
M,kinfit,down_hdamp,5,0,2.4,30,50,0,1,"0.9942428656959201"
M,kinfit,down_hdamp,5,0,2.4,50,70,0,1,"0.9741864747456326"
M,kinfit,down_hdamp,5,0,2.4,70,100,0,1,"0.9697178759804705"
M,kinfit,down_hdamp,5,0,2.4,100,140,0,1,"0.9494997645391408"
M,kinfit,down_hdamp,5,0,2.4,140,200,0,1,"0.9474533265623641"
M,kinfit,down_hdamp,5,0,2.4,200,300,0,1,"0.9351920325112673"
M,kinfit,down_hdamp,5,0,2.4,300,600,0,1,"0.9794595020551204"
M,kinfit,down_jer,5,0,2.4,30,50,0,1,"0.9942503770845539"
M,kinfit,down_jer,5,0,2.4,50,70,0,1,"0.9741914160362688"
M,kinfit,down_jer,5,0,2.4,70,100,0,1,"0.9697201673685489"
M,kinfit,down_jer,5,0,2.4,100,140,0,1,"0.9495063812824673"
M,kinfit,down_jer,5,0,2.4,140,200,0,1,"0.9474622095752316"
M,kinfit,down_jer,5,0,2.4,200,300,0,1,"0.9352050773004521"
M,kinfit,down_jer,5,0,2.4,300,600,0,1,"0.9795383893170913"
M,kinfit,down_jes,5,0,2.4,30,50,0,1,"0.994222341512554"
M,kinfit,down_jes,5,0,2.4,50,70,0,1,"0.9741811750210934"
M,kinfit,down_jes,5,0,2.4,70,100,0,1,"0.9697162025848263"
M,kinfit,down_jes,5,0,2.4,100,140,0,1,"0.9495033425436041"
M,kinfit,down_jes,5,0,2.4,140,200,0,1,"0.9474614624156992"
M,kinfit,down_jes,5,0,2.4,200,300,0,1,"0.935204390060207"
M,kinfit,down_jes,5,0,2.4,300,600,0,1,"0.979532970635943"
M,kinfit,down_mass,5,0,2.4,30,50,0,1,"0.9942451180544332"
M,kinfit,down_mass,5,0,2.4,50,70,0,1,"0.9741900986561198"
M,kinfit,down_mass,5,0,2.4,70,100,0,1,"0.9697199106662424"
M,kinfit,down_mass,5,0,2.4,100,140,0,1,"0.9495027027743355"
M,kinfit,down_mass,5,0,2.4,140,200,0,1,"0.9474601669025446"
M,kinfit,down_mass,5,0,2.4,200,300,0,1,"0.93520201260786"
M,kinfit,down_mass,5,0,2.4,300,600,0,1,"0.9795141052529424"
M,kinfit,down_pileup,5,0,2.4,30,50,0,1,"0.9942507977673891"
M,kinfit,down_pileup,5,0,2.4,50,70,0,1,"0.9741915379047299"
M,kinfit,down_pileup,5,0,2.4,70,100,0,1,"0.9697205088398242"
M,kinfit,down_pileup,5,0,2.4,100,140,0,1,"0.9495064879881738"
M,kinfit,down_pileup,5,0,2.4,140,200,0,1,"0.9474621295637142"
M,kinfit,down_pileup,5,0,2.4,200,300,0,1,"0.9352016621030792"
M,kinfit,down_pileup,5,0,2.4,300,600,0,1,"0.9795422790535575"
M,kinfit,down_statistic,5,0,2.4,30,50,0,1,"0.9888344034552574"
M,kinfit,down_statistic,5,0,2.4,50,70,0,1,"0.9692754447460175"
M,kinfit,down_statistic,5,0,2.4,70,100,0,1,"0.9654296217486262"
M,kinfit,down_statistic,5,0,2.4,100,140,0,1,"0.9448792156763375"
M,kinfit,down_statistic,5,0,2.4,140,200,0,1,"0.9417307763360441"
M,kinfit,down_statistic,5,0,2.4,200,300,0,1,"0.9281690632924438"
M,kinfit,down_statistic,5,0,2.4,300,600,0,1,"0.9423396587371826"
M,kinfit,down_tune,5,0,2.4,30,50,0,1,"0.9942436845969231"
M,kinfit,down_tune,5,0,2.4,50,70,0,1,"0.9741879815323635"
M,kinfit,down_tune,5,0,2.4,70,100,0,1,"0.9697212597714859"
M,kinfit,down_tune,5,0,2.4,100,140,0,1,"0.9494954739116315"
M,kinfit,down_tune,5,0,2.4,140,200,0,1,"0.9474553040500231"
M,kinfit,down_tune,5,0,2.4,200,300,0,1,"0.9352051147107225"
M,kinfit,down_tune,5,0,2.4,300,600,0,1,"0.9795227903930162"
M,kinfit,up,5,0,2.4,30,50,0,1,"1.003147852426008"
M,kinfit,up,5,0,2.4,50,70,0,1,"0.9808820471991024"
M,kinfit,up,5,0,2.4,70,100,0,1,"0.9752993810827799"
M,kinfit,up,5,0,2.4,100,140,0,1,"0.9563435718805867"
M,kinfit,up,5,0,2.4,140,200,0,1,"0.9549058597851464"
M,kinfit,up,5,0,2.4,200,300,0,1,"0.9436257170942355"
M,kinfit,up,5,0,2.4,300,600,0,1,"1.019461633840983"
M,kinfit,up_hdamp,5,0,2.4,30,50,0,1,"0.9942588022804593"
M,kinfit,up_hdamp,5,0,2.4,50,70,0,1,"0.9741966181346164"
M,kinfit,up_hdamp,5,0,2.4,70,100,0,1,"0.9697249970206281"
M,kinfit,up_hdamp,5,0,2.4,100,140,0,1,"0.9495133971201"
M,kinfit,up_hdamp,5,0,2.4,140,200,0,1,"0.9474723869767594"
M,kinfit,up_hdamp,5,0,2.4,200,300,0,1,"0.9352185290503172"
M,kinfit,up_hdamp,5,0,2.4,300,600,0,1,"0.9796464664202214"
M,kinfit,up_jer,5,0,2.4,30,50,0,1,"0.9942512908918255"
M,kinfit,up_jer,5,0,2.4,50,70,0,1,"0.9741916768439802"
M,kinfit,up_jer,5,0,2.4,70,100,0,1,"0.9697227056325497"
M,kinfit,up_jer,5,0,2.4,100,140,0,1,"0.9495067803767734"
M,kinfit,up_jer,5,0,2.4,140,200,0,1,"0.9474635039638919"
M,kinfit,up_jer,5,0,2.4,200,300,0,1,"0.9352054842611324"
M,kinfit,up_jer,5,0,2.4,300,600,0,1,"0.9795675791582505"
M,kinfit,up_jes,5,0,2.4,30,50,0,1,"0.9942793264638254"
M,kinfit,up_jes,5,0,2.4,50,70,0,1,"0.9742019178591557"
M,kinfit,up_jes,5,0,2.4,70,100,0,1,"0.9697266704162724"
M,kinfit,up_jes,5,0,2.4,100,140,0,1,"0.9495098191156366"
M,kinfit,up_jes,5,0,2.4,140,200,0,1,"0.9474642511234244"
M,kinfit,up_jes,5,0,2.4,200,300,0,1,"0.9352061715013775"
M,kinfit,up_jes,5,0,2.4,300,600,0,1,"0.9795729978393988"
M,kinfit,up_mass,5,0,2.4,30,50,0,1,"0.9942565499219462"
M,kinfit,up_mass,5,0,2.4,50,70,0,1,"0.9741929942241292"
M,kinfit,up_mass,5,0,2.4,70,100,0,1,"0.9697229623348562"
M,kinfit,up_mass,5,0,2.4,100,140,0,1,"0.9495104588849053"
M,kinfit,up_mass,5,0,2.4,140,200,0,1,"0.9474655466365789"
M,kinfit,up_mass,5,0,2.4,200,300,0,1,"0.9352085489537245"
M,kinfit,up_mass,5,0,2.4,300,600,0,1,"0.9795918632223994"
M,kinfit,up_pileup,5,0,2.4,30,50,0,1,"0.9942508702089903"
M,kinfit,up_pileup,5,0,2.4,50,70,0,1,"0.9741915549755191"
M,kinfit,up_pileup,5,0,2.4,70,100,0,1,"0.9697223641612744"
M,kinfit,up_pileup,5,0,2.4,100,140,0,1,"0.9495066736710669"
M,kinfit,up_pileup,5,0,2.4,140,200,0,1,"0.9474635839754093"
M,kinfit,up_pileup,5,0,2.4,200,300,0,1,"0.9352088994585053"
M,kinfit,up_pileup,5,0,2.4,300,600,0,1,"0.9795636894217843"
M,kinfit,up_statistic,5,0,2.4,30,50,0,1,"0.999667264521122"
M,kinfit,up_statistic,5,0,2.4,50,70,0,1,"0.9791076481342316"
M,kinfit,up_statistic,5,0,2.4,70,100,0,1,"0.9740132512524724"
M,kinfit,up_statistic,5,0,2.4,100,140,0,1,"0.9541339459829032"
M,kinfit,up_statistic,5,0,2.4,140,200,0,1,"0.9531949372030795"
M,kinfit,up_statistic,5,0,2.4,200,300,0,1,"0.9422414982691407"
M,kinfit,up_statistic,5,0,2.4,300,600,0,1,"1.0167663097381592"
M,kinfit,up_tune,5,0,2.4,30,50,0,1,"0.9942579833794563"
M,kinfit,up_tune,5,0,2.4,50,70,0,1,"0.9741951113478855"
M,kinfit,up_tune,5,0,2.4,70,100,0,1,"0.9697216132296127"
M,kinfit,up_tune,5,0,2.4,100,140,0,1,"0.9495176877476093"
M,kinfit,up_tune,5,0,2.4,140,200,0,1,"0.9474704094891004"
M,kinfit,up_tune,5,0,2.4,200,300,0,1,"0.9352054468508619"
M,kinfit,up_tune,5,0,2.4,300,600,0,1,"0.9795831780823256"
T,kinfit,central,5,0,2.4,30,50,0,1,"0.9578867554664612"
T,kinfit,central,5,0,2.4,50,70,0,1,"0.9556142091751099"
T,kinfit,central,5,0,2.4,70,100,0,1,"0.9544928073883057"
T,kinfit,central,5,0,2.4,100,140,0,1,"0.9416102170944214"
T,kinfit,central,5,0,2.4,140,200,0,1,"0.9241794347763062"
T,kinfit,central,5,0,2.4,200,300,0,1,"0.8993095755577087"
T,kinfit,central,5,0,2.4,300,600,0,1,"0.9907876253128052"
T,kinfit,down,5,0,2.4,30,50,0,1,"0.9476292278130134"
T,kinfit,down,5,0,2.4,50,70,0,1,"0.9472247325514279"
T,kinfit,down,5,0,2.4,70,100,0,1,"0.9475483714064772"
T,kinfit,down,5,0,2.4,100,140,0,1,"0.9345121219843353"
T,kinfit,down,5,0,2.4,140,200,0,1,"0.9152832855689811"
T,kinfit,down,5,0,2.4,200,300,0,1,"0.8854492125027372"
T,kinfit,down,5,0,2.4,300,600,0,1,"0.9497924831414687"
T,kinfit,down_hdamp,5,0,2.4,30,50,0,1,"0.9578751528835445"
T,kinfit,down_hdamp,5,0,2.4,50,70,0,1,"0.9556041045626351"
T,kinfit,down_hdamp,5,0,2.4,70,100,0,1,"0.9544870793353857"
T,kinfit,down_hdamp,5,0,2.4,100,140,0,1,"0.9416058490894557"
T,kinfit,down_hdamp,5,0,2.4,140,200,0,1,"0.9241690953889723"
T,kinfit,down_hdamp,5,0,2.4,200,300,0,1,"0.899292479692857"
T,kinfit,down_hdamp,5,0,2.4,300,600,0,1,"0.9907699233280596"
T,kinfit,down_jer,5,0,2.4,30,50,0,1,"0.9578861386905828"
T,kinfit,down_jer,5,0,2.4,50,70,0,1,"0.9556140344200292"
T,kinfit,down_jer,5,0,2.4,70,100,0,1,"0.9544904512596579"
T,kinfit,down_jer,5,0,2.4,100,140,0,1,"0.9416097100551672"
T,kinfit,down_jer,5,0,2.4,140,200,0,1,"0.9241765666756372"
T,kinfit,down_jer,5,0,2.4,200,300,0,1,"0.8993044783270392"
T,kinfit,down_jer,5,0,2.4,300,600,0,1,"0.9907629973887842"
T,kinfit,down_jes,5,0,2.4,30,50,0,1,"0.957856785557019"
T,kinfit,down_jes,5,0,2.4,50,70,0,1,"0.9556016126485325"
T,kinfit,down_jes,5,0,2.4,70,100,0,1,"0.954486165809751"
T,kinfit,down_jes,5,0,2.4,100,140,0,1,"0.9416054302847447"
T,kinfit,down_jes,5,0,2.4,140,200,0,1,"0.9241756137900232"
T,kinfit,down_jes,5,0,2.4,200,300,0,1,"0.8993056025562929"
T,kinfit,down_jes,5,0,2.4,300,600,0,1,"0.9907467897164928"
T,kinfit,down_mass,5,0,2.4,30,50,0,1,"0.9578784153010949"
T,kinfit,down_mass,5,0,2.4,50,70,0,1,"0.9556114988381941"
T,kinfit,down_mass,5,0,2.4,70,100,0,1,"0.9544908264044585"
T,kinfit,down_mass,5,0,2.4,100,140,0,1,"0.941608775543215"
T,kinfit,down_mass,5,0,2.4,140,200,0,1,"0.9241768393775223"
T,kinfit,down_mass,5,0,2.4,200,300,0,1,"0.8993072230872903"
T,kinfit,down_mass,5,0,2.4,300,600,0,1,"0.9907793507731375"
T,kinfit,down_pileup,5,0,2.4,30,50,0,1,"0.9578864286619897"
T,kinfit,down_pileup,5,0,2.4,50,70,0,1,"0.9556141230717934"
T,kinfit,down_pileup,5,0,2.4,70,100,0,1,"0.9544920146221187"
T,kinfit,down_pileup,5,0,2.4,100,140,0,1,"0.9416101754675275"
T,kinfit,down_pileup,5,0,2.4,140,200,0,1,"0.9241785595140755"
T,kinfit,down_pileup,5,0,2.4,200,300,0,1,"0.8993076610365591"
T,kinfit,down_pileup,5,0,2.4,300,600,0,1,"0.9907735760240506"
T,kinfit,down_statistic,5,0,2.4,30,50,0,1,"0.9512003343552351"
T,kinfit,down_statistic,5,0,2.4,50,70,0,1,"0.949413682334125"
T,kinfit,down_statistic,5,0,2.4,70,100,0,1,"0.9490280337631702"
T,kinfit,down_statistic,5,0,2.4,100,140,0,1,"0.9356771651655436"
T,kinfit,down_statistic,5,0,2.4,140,200,0,1,"0.9167824159376323"
T,kinfit,down_statistic,5,0,2.4,200,300,0,1,"0.8866461534053087"
T,kinfit,down_statistic,5,0,2.4,300,600,0,1,"0.9522110335528851"
T,kinfit,down_tune,5,0,2.4,30,50,0,1,"0.9578771030582516"
T,kinfit,down_tune,5,0,2.4,50,70,0,1,"0.9556079447245613"
T,kinfit,down_tune,5,0,2.4,70,100,0,1,"0.9544919454581304"
T,kinfit,down_tune,5,0,2.4,100,140,0,1,"0.9416061802774172"
T,kinfit,down_tune,5,0,2.4,140,200,0,1,"0.9241755083285872"
T,kinfit,down_tune,5,0,2.4,200,300,0,1,"0.8993082612428083"
T,kinfit,down_tune,5,0,2.4,300,600,0,1,"0.9907006663964699"
T,kinfit,up,5,0,2.4,30,50,0,1,"0.968144283119909"
T,kinfit,up,5,0,2.4,50,70,0,1,"0.9640036857987918"
T,kinfit,up,5,0,2.4,70,100,0,1,"0.9614372433701341"
T,kinfit,up,5,0,2.4,100,140,0,1,"0.9487083122045075"
T,kinfit,up,5,0,2.4,140,200,0,1,"0.9330755839836312"
T,kinfit,up,5,0,2.4,200,300,0,1,"0.9131699386126803"
T,kinfit,up,5,0,2.4,300,600,0,1,"1.0317827674841415"
T,kinfit,up_hdamp,5,0,2.4,30,50,0,1,"0.9578983580493778"
T,kinfit,up_hdamp,5,0,2.4,50,70,0,1,"0.9556243137875846"
T,kinfit,up_hdamp,5,0,2.4,70,100,0,1,"0.9544985354412256"
T,kinfit,up_hdamp,5,0,2.4,100,140,0,1,"0.9416145850993871"
T,kinfit,up_hdamp,5,0,2.4,140,200,0,1,"0.92418977416364"
T,kinfit,up_hdamp,5,0,2.4,200,300,0,1,"0.8993266714225605"
T,kinfit,up_hdamp,5,0,2.4,300,600,0,1,"0.9908053272975508"
T,kinfit,up_jer,5,0,2.4,30,50,0,1,"0.9578873722423396"
T,kinfit,up_jer,5,0,2.4,50,70,0,1,"0.9556143839301905"
T,kinfit,up_jer,5,0,2.4,70,100,0,1,"0.9544951635169534"
T,kinfit,up_jer,5,0,2.4,100,140,0,1,"0.9416107241336755"
T,kinfit,up_jer,5,0,2.4,140,200,0,1,"0.9241823028769751"
T,kinfit,up_jer,5,0,2.4,200,300,0,1,"0.8993146727883783"
T,kinfit,up_jer,5,0,2.4,300,600,0,1,"0.9908122532368262"
T,kinfit,up_jes,5,0,2.4,30,50,0,1,"0.9579167253759033"
T,kinfit,up_jes,5,0,2.4,50,70,0,1,"0.9556268057016872"
T,kinfit,up_jes,5,0,2.4,70,100,0,1,"0.9544994489668603"
T,kinfit,up_jes,5,0,2.4,100,140,0,1,"0.941615003904098"
T,kinfit,up_jes,5,0,2.4,140,200,0,1,"0.9241832557625891"
T,kinfit,up_jes,5,0,2.4,200,300,0,1,"0.8993135485591246"
T,kinfit,up_jes,5,0,2.4,300,600,0,1,"0.9908284609091176"
T,kinfit,up_mass,5,0,2.4,30,50,0,1,"0.9578950956318275"
T,kinfit,up_mass,5,0,2.4,50,70,0,1,"0.9556169195120257"
T,kinfit,up_mass,5,0,2.4,70,100,0,1,"0.9544947883721528"
T,kinfit,up_mass,5,0,2.4,100,140,0,1,"0.9416116586456278"
T,kinfit,up_mass,5,0,2.4,140,200,0,1,"0.92418203017509"
T,kinfit,up_mass,5,0,2.4,200,300,0,1,"0.8993119280281272"
T,kinfit,up_mass,5,0,2.4,300,600,0,1,"0.9907958998524729"
T,kinfit,up_pileup,5,0,2.4,30,50,0,1,"0.9578870822709327"
T,kinfit,up_pileup,5,0,2.4,50,70,0,1,"0.9556142952784263"
T,kinfit,up_pileup,5,0,2.4,70,100,0,1,"0.9544936001544926"
T,kinfit,up_pileup,5,0,2.4,100,140,0,1,"0.9416102587213153"
T,kinfit,up_pileup,5,0,2.4,140,200,0,1,"0.9241803100385368"
T,kinfit,up_pileup,5,0,2.4,200,300,0,1,"0.8993114900788584"
T,kinfit,up_pileup,5,0,2.4,300,600,0,1,"0.9908016746015598"
T,kinfit,up_statistic,5,0,2.4,30,50,0,1,"0.9645731765776873"
T,kinfit,up_statistic,5,0,2.4,50,70,0,1,"0.9618147360160947"
T,kinfit,up_statistic,5,0,2.4,70,100,0,1,"0.9599575810134411"
T,kinfit,up_statistic,5,0,2.4,100,140,0,1,"0.9475432690232992"
T,kinfit,up_statistic,5,0,2.4,140,200,0,1,"0.93157645361498"
T,kinfit,up_statistic,5,0,2.4,200,300,0,1,"0.9119729977101088"
T,kinfit,up_statistic,5,0,2.4,300,600,0,1,"1.0293642170727253"
T,kinfit,up_tune,5,0,2.4,30,50,0,1,"0.9578964078746708"
T,kinfit,up_tune,5,0,2.4,50,70,0,1,"0.9556204736256584"
T,kinfit,up_tune,5,0,2.4,70,100,0,1,"0.9544936693184809"
T,kinfit,up_tune,5,0,2.4,100,140,0,1,"0.9416142539114256"
T,kinfit,up_tune,5,0,2.4,140,200,0,1,"0.9241833612240251"
T,kinfit,up_tune,5,0,2.4,200,300,0,1,"0.8993108898726092"
T,kinfit,up_tune,5,0,2.4,300,600,0,1,"0.9908745842291404"
XT,kinfit,central,5,0,2.4,30,50,0,1,"0.9533575773239136"
XT,kinfit,central,5,0,2.4,50,70,0,1,"0.952781617641449"
XT,kinfit,central,5,0,2.4,70,100,0,1,"0.9567064046859741"
XT,kinfit,central,5,0,2.4,100,140,0,1,"0.9410237669944763"
XT,kinfit,central,5,0,2.4,140,200,0,1,"0.9129053354263306"
XT,kinfit,central,5,0,2.4,200,300,0,1,"0.9019696712493896"
XT,kinfit,central,5,0,2.4,300,600,0,1,"0.9577594995498657"
XT,kinfit,down,5,0,2.4,30,50,0,1,"0.942600283309211"
XT,kinfit,down,5,0,2.4,50,70,0,1,"0.9442311356703966"
XT,kinfit,down,5,0,2.4,70,100,0,1,"0.949428803291813"
XT,kinfit,down,5,0,2.4,100,140,0,1,"0.9333067714336509"
XT,kinfit,down,5,0,2.4,140,200,0,1,"0.903448018208193"
XT,kinfit,down,5,0,2.4,200,300,0,1,"0.887164171298758"
XT,kinfit,down,5,0,2.4,300,600,0,1,"0.9159941126914091"
XT,kinfit,down_hdamp,5,0,2.4,30,50,0,1,"0.9533446970139607"
XT,kinfit,down_hdamp,5,0,2.4,50,70,0,1,"0.9527729020500004"
XT,kinfit,down_hdamp,5,0,2.4,70,100,0,1,"0.9567004975073976"
XT,kinfit,down_hdamp,5,0,2.4,100,140,0,1,"0.9410178357434651"
XT,kinfit,down_hdamp,5,0,2.4,140,200,0,1,"0.9128948000104629"
XT,kinfit,down_hdamp,5,0,2.4,200,300,0,1,"0.9019524863009911"
XT,kinfit,down_hdamp,5,0,2.4,300,600,0,1,"0.9577427837895618"
XT,kinfit,down_jer,5,0,2.4,30,50,0,1,"0.9533569389701162"
XT,kinfit,down_jer,5,0,2.4,50,70,0,1,"0.9527814250354503"
XT,kinfit,down_jer,5,0,2.4,70,100,0,1,"0.9567048815010679"
XT,kinfit,down_jer,5,0,2.4,100,140,0,1,"0.9410234188281796"
XT,kinfit,down_jer,5,0,2.4,140,200,0,1,"0.9129035319055809"
XT,kinfit,down_jer,5,0,2.4,200,300,0,1,"0.9019643485981197"
XT,kinfit,down_jer,5,0,2.4,300,600,0,1,"0.9577551064699739"
XT,kinfit,down_jes,5,0,2.4,30,50,0,1,"0.953327364480046"
XT,kinfit,down_jes,5,0,2.4,50,70,0,1,"0.9527684927448625"
XT,kinfit,down_jes,5,0,2.4,70,100,0,1,"0.9566993891728037"
XT,kinfit,down_jes,5,0,2.4,100,140,0,1,"0.941018293538118"
XT,kinfit,down_jes,5,0,2.4,140,200,0,1,"0.9129029013533874"
XT,kinfit,down_jes,5,0,2.4,200,300,0,1,"0.9019655641915838"
XT,kinfit,down_jes,5,0,2.4,300,600,0,1,"0.9577487199345418"
XT,kinfit,down_mass,5,0,2.4,30,50,0,1,"0.9533483338163933"
XT,kinfit,down_mass,5,0,2.4,50,70,0,1,"0.952779925297583"
XT,kinfit,down_mass,5,0,2.4,70,100,0,1,"0.956704522112303"
XT,kinfit,down_mass,5,0,2.4,100,140,0,1,"0.9410220204890152"
XT,kinfit,down_mass,5,0,2.4,140,200,0,1,"0.9129022098379345"
XT,kinfit,down_mass,5,0,2.4,200,300,0,1,"0.901967941246621"
XT,kinfit,down_mass,5,0,2.4,300,600,0,1,"0.9577582029414771"
XT,kinfit,down_pileup,5,0,2.4,30,50,0,1,"0.953357212899391"
XT,kinfit,down_pileup,5,0,2.4,50,70,0,1,"0.9527815817601635"
XT,kinfit,down_pileup,5,0,2.4,70,100,0,1,"0.9567058554209638"
XT,kinfit,down_pileup,5,0,2.4,100,140,0,1,"0.9410235661939481"
XT,kinfit,down_pileup,5,0,2.4,140,200,0,1,"0.9129040337906211"
XT,kinfit,down_pileup,5,0,2.4,200,300,0,1,"0.9019690734243682"
XT,kinfit,down_pileup,5,0,2.4,300,600,0,1,"0.9577256995416654"
XT,kinfit,down_statistic,5,0,2.4,30,50,0,1,"0.9461969207040966"
XT,kinfit,down_statistic,5,0,2.4,50,70,0,1,"0.9461303167045116"
XT,kinfit,down_statistic,5,0,2.4,70,100,0,1,"0.9508177512325346"
XT,kinfit,down_statistic,5,0,2.4,100,140,0,1,"0.9346296936273575"
XT,kinfit,down_statistic,5,0,2.4,140,200,0,1,"0.9049297515302896"
XT,kinfit,down_statistic,5,0,2.4,200,300,0,1,"0.8882161770015955"
XT,kinfit,down_statistic,5,0,2.4,300,600,0,1,"0.9170566536486149"
XT,kinfit,down_tune,5,0,2.4,30,50,0,1,"0.9533464723922824"
XT,kinfit,down_tune,5,0,2.4,50,70,0,1,"0.9527765080228505"
XT,kinfit,down_tune,5,0,2.4,70,100,0,1,"0.9567049951587512"
XT,kinfit,down_tune,5,0,2.4,100,140,0,1,"0.9410187993278702"
XT,kinfit,down_tune,5,0,2.4,140,200,0,1,"0.912898704749515"
XT,kinfit,down_tune,5,0,2.4,200,300,0,1,"0.90196856950989"
XT,kinfit,down_tune,5,0,2.4,300,600,0,1,"0.9577388587469988"
XT,kinfit,up,5,0,2.4,30,50,0,1,"0.9641148713386162"
XT,kinfit,up,5,0,2.4,50,70,0,1,"0.9613320996125013"
XT,kinfit,up,5,0,2.4,70,100,0,1,"0.9639840060801352"
XT,kinfit,up,5,0,2.4,100,140,0,1,"0.9487407625553017"
XT,kinfit,up,5,0,2.4,140,200,0,1,"0.9223626526444682"
XT,kinfit,up,5,0,2.4,200,300,0,1,"0.9167751712000213"
XT,kinfit,up,5,0,2.4,300,600,0,1,"0.9995248864083224"
XT,kinfit,up_hdamp,5,0,2.4,30,50,0,1,"0.9533704576338664"
XT,kinfit,up_hdamp,5,0,2.4,50,70,0,1,"0.9527903332328975"
XT,kinfit,up_hdamp,5,0,2.4,70,100,0,1,"0.9567123118645506"
XT,kinfit,up_hdamp,5,0,2.4,100,140,0,1,"0.9410296982454875"
XT,kinfit,up_hdamp,5,0,2.4,140,200,0,1,"0.9129158708421983"
XT,kinfit,up_hdamp,5,0,2.4,200,300,0,1,"0.9019868561977882"
XT,kinfit,up_hdamp,5,0,2.4,300,600,0,1,"0.9577762153101697"
XT,kinfit,up_jer,5,0,2.4,30,50,0,1,"0.953358215677711"
XT,kinfit,up_jer,5,0,2.4,50,70,0,1,"0.9527818102474477"
XT,kinfit,up_jer,5,0,2.4,70,100,0,1,"0.9567079278708803"
XT,kinfit,up_jer,5,0,2.4,100,140,0,1,"0.941024115160773"
XT,kinfit,up_jer,5,0,2.4,140,200,0,1,"0.9129071389470802"
XT,kinfit,up_jer,5,0,2.4,200,300,0,1,"0.9019749939006596"
XT,kinfit,up_jer,5,0,2.4,300,600,0,1,"0.9577638926297576"
XT,kinfit,up_jes,5,0,2.4,30,50,0,1,"0.9533877901677812"
XT,kinfit,up_jes,5,0,2.4,50,70,0,1,"0.9527947425380354"
XT,kinfit,up_jes,5,0,2.4,70,100,0,1,"0.9567134201991445"
XT,kinfit,up_jes,5,0,2.4,100,140,0,1,"0.9410292404508347"
XT,kinfit,up_jes,5,0,2.4,140,200,0,1,"0.9129077694992738"
XT,kinfit,up_jes,5,0,2.4,200,300,0,1,"0.9019737783071955"
XT,kinfit,up_jes,5,0,2.4,300,600,0,1,"0.9577702791651896"
XT,kinfit,up_mass,5,0,2.4,30,50,0,1,"0.9533668208314339"
XT,kinfit,up_mass,5,0,2.4,50,70,0,1,"0.9527833099853149"
XT,kinfit,up_mass,5,0,2.4,70,100,0,1,"0.9567082872596453"
XT,kinfit,up_mass,5,0,2.4,100,140,0,1,"0.9410255134999375"
XT,kinfit,up_mass,5,0,2.4,140,200,0,1,"0.9129084610147267"
XT,kinfit,up_mass,5,0,2.4,200,300,0,1,"0.9019714012521582"
XT,kinfit,up_mass,5,0,2.4,300,600,0,1,"0.9577607961582544"
XT,kinfit,up_pileup,5,0,2.4,30,50,0,1,"0.9533579417484361"
XT,kinfit,up_pileup,5,0,2.4,50,70,0,1,"0.9527816535227345"
XT,kinfit,up_pileup,5,0,2.4,70,100,0,1,"0.9567069539509845"
XT,kinfit,up_pileup,5,0,2.4,100,140,0,1,"0.9410239677950045"
XT,kinfit,up_pileup,5,0,2.4,140,200,0,1,"0.91290663706204"
XT,kinfit,up_pileup,5,0,2.4,200,300,0,1,"0.9019702690744111"
XT,kinfit,up_pileup,5,0,2.4,300,600,0,1,"0.957793299558066"
XT,kinfit,up_statistic,5,0,2.4,30,50,0,1,"0.9605182339437306"
XT,kinfit,up_statistic,5,0,2.4,50,70,0,1,"0.9594329185783863"
XT,kinfit,up_statistic,5,0,2.4,70,100,0,1,"0.9625950581394136"
XT,kinfit,up_statistic,5,0,2.4,100,140,0,1,"0.9474178403615952"
XT,kinfit,up_statistic,5,0,2.4,140,200,0,1,"0.9208809193223715"
XT,kinfit,up_statistic,5,0,2.4,200,300,0,1,"0.9157231654971838"
XT,kinfit,up_statistic,5,0,2.4,300,600,0,1,"0.9984623454511166"
XT,kinfit,up_tune,5,0,2.4,30,50,0,1,"0.9533686822555447"
XT,kinfit,up_tune,5,0,2.4,50,70,0,1,"0.9527867272600474"
XT,kinfit,up_tune,5,0,2.4,70,100,0,1,"0.9567078142131971"
XT,kinfit,up_tune,5,0,2.4,100,140,0,1,"0.9410287346610824"
XT,kinfit,up_tune,5,0,2.4,140,200,0,1,"0.9129119661031462"
XT,kinfit,up_tune,5,0,2.4,200,300,0,1,"0.9019707729888893"
XT,kinfit,up_tune,5,0,2.4,300,600,0,1,"0.9577801403527326"
XXT,kinfit,central,5,0,2.4,30,50,0,1,"0.9534596800804138"
XXT,kinfit,central,5,0,2.4,50,70,0,1,"0.9446256756782532"
XXT,kinfit,central,5,0,2.4,70,100,0,1,"0.9397813081741333"
XXT,kinfit,central,5,0,2.4,100,140,0,1,"0.9353578090667725"
XXT,kinfit,central,5,0,2.4,140,200,0,1,"0.8855540752410889"
XXT,kinfit,central,5,0,2.4,200,300,0,1,"0.8721551299095154"
XXT,kinfit,central,5,0,2.4,300,600,0,1,"0.93124920129776"
XXT,kinfit,down,5,0,2.4,30,50,0,1,"0.9409916415982412"
XXT,kinfit,down,5,0,2.4,50,70,0,1,"0.9338839184619591"
XXT,kinfit,down,5,0,2.4,70,100,0,1,"0.9310814323028355"
XXT,kinfit,down,5,0,2.4,100,140,0,1,"0.9242462402061467"
XXT,kinfit,down,5,0,2.4,140,200,0,1,"0.8741425137253955"
XXT,kinfit,down,5,0,2.4,200,300,0,1,"0.8541103536576218"
XXT,kinfit,down,5,0,2.4,300,600,0,1,"0.8748447992168235"
XXT,kinfit,down_hdamp,5,0,2.4,30,50,0,1,"0.9534425674529778"
XXT,kinfit,down_hdamp,5,0,2.4,50,70,0,1,"0.9446116576498262"
XXT,kinfit,down_hdamp,5,0,2.4,70,100,0,1,"0.9397743185283636"
XXT,kinfit,down_hdamp,5,0,2.4,100,140,0,1,"0.935335109200409"
XXT,kinfit,down_hdamp,5,0,2.4,140,200,0,1,"0.8855441817206291"
XXT,kinfit,down_hdamp,5,0,2.4,200,300,0,1,"0.8721354828585071"
XXT,kinfit,down_hdamp,5,0,2.4,300,600,0,1,"0.9311899072251002"
XXT,kinfit,down_jer,5,0,2.4,30,50,0,1,"0.9534589619444409"
XXT,kinfit,down_jer,5,0,2.4,50,70,0,1,"0.9446251105745773"
XXT,kinfit,down_jer,5,0,2.4,70,100,0,1,"0.9397799553142789"
XXT,kinfit,down_jer,5,0,2.4,100,140,0,1,"0.935356030195492"
XXT,kinfit,down_jer,5,0,2.4,140,200,0,1,"0.8855539204145293"
XXT,kinfit,down_jer,5,0,2.4,200,300,0,1,"0.8721547367292715"
XXT,kinfit,down_jer,5,0,2.4,300,600,0,1,"0.931143934598146"
XXT,kinfit,down_jes,5,0,2.4,30,50,0,1,"0.953428245541545"
XXT,kinfit,down_jes,5,0,2.4,50,70,0,1,"0.9446109984388293"
XXT,kinfit,down_jes,5,0,2.4,70,100,0,1,"0.9397731692103823"
XXT,kinfit,down_jes,5,0,2.4,100,140,0,1,"0.9353513202087207"
XXT,kinfit,down_jes,5,0,2.4,140,200,0,1,"0.8855508091151583"
XXT,kinfit,down_jes,5,0,2.4,200,300,0,1,"0.8721530318086144"
XXT,kinfit,down_jes,5,0,2.4,300,600,0,1,"0.9311786909707926"
XXT,kinfit,down_mass,5,0,2.4,30,50,0,1,"0.9534481793962186"
XXT,kinfit,down_mass,5,0,2.4,50,70,0,1,"0.944619908185202"
XXT,kinfit,down_mass,5,0,2.4,70,100,0,1,"0.9397788076289402"
XXT,kinfit,down_mass,5,0,2.4,100,140,0,1,"0.935347071289697"
XXT,kinfit,down_mass,5,0,2.4,140,200,0,1,"0.8855485499274343"
XXT,kinfit,down_mass,5,0,2.4,200,300,0,1,"0.8721541738471918"
XXT,kinfit,down_mass,5,0,2.4,300,600,0,1,"0.9310678544816886"
XXT,kinfit,down_pileup,5,0,2.4,30,50,0,1,"0.9534589289955306"
XXT,kinfit,down_pileup,5,0,2.4,50,70,0,1,"0.9446256745441381"
XXT,kinfit,down_pileup,5,0,2.4,70,100,0,1,"0.9397807218150511"
XXT,kinfit,down_pileup,5,0,2.4,100,140,0,1,"0.9353578001077381"
XXT,kinfit,down_pileup,5,0,2.4,140,200,0,1,"0.8855533730277578"
XXT,kinfit,down_pileup,5,0,2.4,200,300,0,1,"0.8721551258572049"
XXT,kinfit,down_pileup,5,0,2.4,300,600,0,1,"0.9311698673526365"
XXT,kinfit,down_statistic,5,0,2.4,30,50,0,1,"0.9444656493142247"
XXT,kinfit,down_statistic,5,0,2.4,50,70,0,1,"0.9363454254344106"
XXT,kinfit,down_statistic,5,0,2.4,70,100,0,1,"0.9324085926637053"
XXT,kinfit,down_statistic,5,0,2.4,100,140,0,1,"0.9273597123101354"
XXT,kinfit,down_statistic,5,0,2.4,140,200,0,1,"0.8755840137600899"
XXT,kinfit,down_statistic,5,0,2.4,200,300,0,1,"0.8548015002161264"
XXT,kinfit,down_statistic,5,0,2.4,300,600,0,1,"0.8795343339443207"
XXT,kinfit,down_tune,5,0,2.4,30,50,0,1,"0.9534466377576001"
XXT,kinfit,down_tune,5,0,2.4,50,70,0,1,"0.9446138818729528"
XXT,kinfit,down_tune,5,0,2.4,70,100,0,1,"0.9397795456416054"
XXT,kinfit,down_tune,5,0,2.4,100,140,0,1,"0.9353400259877622"
XXT,kinfit,down_tune,5,0,2.4,140,200,0,1,"0.8855427956307329"
XXT,kinfit,down_tune,5,0,2.4,200,300,0,1,"0.872153762869857"
XXT,kinfit,down_tune,5,0,2.4,300,600,0,1,"0.9312379240894719"
XXT,kinfit,up,5,0,2.4,30,50,0,1,"0.9659277185625864"
XXT,kinfit,up,5,0,2.4,50,70,0,1,"0.9553674328945473"
XXT,kinfit,up,5,0,2.4,70,100,0,1,"0.9484811840454311"
XXT,kinfit,up,5,0,2.4,100,140,0,1,"0.9464693779273983"
XXT,kinfit,up,5,0,2.4,140,200,0,1,"0.8969656367567822"
XXT,kinfit,up,5,0,2.4,200,300,0,1,"0.890199906161409"
XXT,kinfit,up,5,0,2.4,300,600,0,1,"0.9876536033786966"
XXT,kinfit,up_hdamp,5,0,2.4,30,50,0,1,"0.9534767927078498"
XXT,kinfit,up_hdamp,5,0,2.4,50,70,0,1,"0.9446396937066801"
XXT,kinfit,up_hdamp,5,0,2.4,70,100,0,1,"0.939788297819903"
XXT,kinfit,up_hdamp,5,0,2.4,100,140,0,1,"0.935380508933136"
XXT,kinfit,up_hdamp,5,0,2.4,140,200,0,1,"0.8855639687615486"
XXT,kinfit,up_hdamp,5,0,2.4,200,300,0,1,"0.8721747769605237"
XXT,kinfit,up_hdamp,5,0,2.4,300,600,0,1,"0.9313084953704198"
XXT,kinfit,up_jer,5,0,2.4,30,50,0,1,"0.9534603982163867"
XXT,kinfit,up_jer,5,0,2.4,50,70,0,1,"0.944626240781929"
XXT,kinfit,up_jer,5,0,2.4,70,100,0,1,"0.9397826610339877"
XXT,kinfit,up_jer,5,0,2.4,100,140,0,1,"0.935359587938053"
XXT,kinfit,up_jer,5,0,2.4,140,200,0,1,"0.8855542300676484"
XXT,kinfit,up_jer,5,0,2.4,200,300,0,1,"0.8721555230897593"
XXT,kinfit,up_jer,5,0,2.4,300,600,0,1,"0.931354467997374"
XXT,kinfit,up_jes,5,0,2.4,30,50,0,1,"0.9534911146192826"
XXT,kinfit,up_jes,5,0,2.4,50,70,0,1,"0.944640352917677"
XXT,kinfit,up_jes,5,0,2.4,70,100,0,1,"0.9397894471378843"
XXT,kinfit,up_jes,5,0,2.4,100,140,0,1,"0.9353642979248242"
XXT,kinfit,up_jes,5,0,2.4,140,200,0,1,"0.8855573413670195"
XXT,kinfit,up_jes,5,0,2.4,200,300,0,1,"0.8721572280104164"
XXT,kinfit,up_jes,5,0,2.4,300,600,0,1,"0.9313197116247274"
XXT,kinfit,up_mass,5,0,2.4,30,50,0,1,"0.953471180764609"
XXT,kinfit,up_mass,5,0,2.4,50,70,0,1,"0.9446314431713043"
XXT,kinfit,up_mass,5,0,2.4,70,100,0,1,"0.9397838087193264"
XXT,kinfit,up_mass,5,0,2.4,100,140,0,1,"0.935368546843848"
XXT,kinfit,up_mass,5,0,2.4,140,200,0,1,"0.8855596005547435"
XXT,kinfit,up_mass,5,0,2.4,200,300,0,1,"0.8721560859718389"
XXT,kinfit,up_mass,5,0,2.4,300,600,0,1,"0.9314305481138314"
XXT,kinfit,up_pileup,5,0,2.4,30,50,0,1,"0.953460431165297"
XXT,kinfit,up_pileup,5,0,2.4,50,70,0,1,"0.9446256768123682"
XXT,kinfit,up_pileup,5,0,2.4,70,100,0,1,"0.9397818945332155"
XXT,kinfit,up_pileup,5,0,2.4,100,140,0,1,"0.9353578180258069"
XXT,kinfit,up_pileup,5,0,2.4,140,200,0,1,"0.8855547774544199"
XXT,kinfit,up_pileup,5,0,2.4,200,300,0,1,"0.8721551339618259"
XXT,kinfit,up_pileup,5,0,2.4,300,600,0,1,"0.9313285352428835"
XXT,kinfit,up_statistic,5,0,2.4,30,50,0,1,"0.9624537108466029"
XXT,kinfit,up_statistic,5,0,2.4,50,70,0,1,"0.9529059259220958"
XXT,kinfit,up_statistic,5,0,2.4,70,100,0,1,"0.9471540236845613"
XXT,kinfit,up_statistic,5,0,2.4,100,140,0,1,"0.9433559058234096"
XXT,kinfit,up_statistic,5,0,2.4,140,200,0,1,"0.8955241367220879"
XXT,kinfit,up_statistic,5,0,2.4,200,300,0,1,"0.8895087596029043"
XXT,kinfit,up_statistic,5,0,2.4,300,600,0,1,"0.9829640686511993"
XXT,kinfit,up_tune,5,0,2.4,30,50,0,1,"0.9534727224032276"
XXT,kinfit,up_tune,5,0,2.4,50,70,0,1,"0.9446374694835535"
XXT,kinfit,up_tune,5,0,2.4,70,100,0,1,"0.9397830707066612"
XXT,kinfit,up_tune,5,0,2.4,100,140,0,1,"0.9353755921457827"
XXT,kinfit,up_tune,5,0,2.4,140,200,0,1,"0.8855653548514448"
XXT,kinfit,up_tune,5,0,2.4,200,300,0,1,"0.8721564969491737"
XXT,kinfit,up_tune,5,0,2.4,300,600,0,1,"0.9312604785060481"
